row,col,value
0,1706,45.3149986
1,1417,50.5219994
1,1421,50.5936737
1,1716,48.5730019
3,1653,38.7719994
5,1379,56.7150002
8,1625,38.1189995
9,1363,53.1949997
16,1495,44.5419998
18,1779,53.4500008
22,1586,40.8479996
24,1582,41.5629997
25,1324,37.8930016
26,1516,43.9485016
26,1809,75.7979965
27,1522,46.132
27,1815,76.8970032
28,1528,47.9700012
29,1534,50.5499992
30,1540,52.0159988
32,1312,36.6800003
37,1853,68.6050034
41,1863,65.9120026
44,1295,37.0410004
49,1289,36.1131477
52,1885,55.9399986
59,1278,35.6389999
60,1277,35.6030006
65,1905,39.3720016
71,1267,35.7630005
77,1262,35.9329987
94,1250,37.0369987
106,1243,35.3886681
130,1232,39.3040009
141,1973,0
145,1227,40.6539993
148,389,105.41571
148,411,104.751999
150,430,103.327003
151,363,112.330002
151,436,102.375
153,577,111.583
153,597,110.112999
154,609,108.876999
155,344,114.847
156,465,101.915001
157,484,111.695999
157,541,113.258003
157,628,107.546997
158,501,113.347748
158,527,114.194
158,528,114.160004
158,529,114.282997
160,662,106.981003
161,672,105.742195
161,1223,39.3349571
168,308,104.422997
168,711,99.5090027
171,302,104.338142
175,736,92.072998
180,1220,36.262001
180,1991,0
187,276,104.470001
194,267,102.442001
199,261,96.0999985
208,1217,40.3219986
212,2000,0
216,244,90.9938889
218,2001,0
219,1216,43.7201653
222,239,91.1849976
231,232,86.0149994
233,2003,0
240,1214,40.2200012
247,2004,0
248,2004,0
250,206,79.1399994
254,199,76.7419968
259,191,75.2440033
261,1212,41.0979996
264,2004,0
265,182,68.7519989
280,163,67.7220001
280,1210,36.4830017
296,147,60.7159996
297,146,59.9990005
299,1208,37.6920013
301,925,67.595665
301,1999,0
303,141,57.6580009
308,137,55.9220009
308,1207,36.6749992
316,1995,0
329,1203,36.6559982
342,115,54.3580017
344,1199,37.0649986
353,109,52.6419983
359,2022,0
360,1196,44.137001
365,103,55.6767998
365,982,0
368,1195,48.6119995
377,98,56.0139999
379,2031,0
380,1194,63.0519981
381,990,0
390,1193,67.6149979
392,93,54.3460007
392,1192,67.4601669
398,1189,67.4889984
412,1183,68.1179962
420,1180,68.3560028
427,86,49.4760017
438,85,51.6689987
442,84,51.9490013
448,1007,0
458,80,53.5460014
478,1007,0
484,76,60.9934998
488,1006,0
490,1168,54.7179985
492,1159,53.493
494,1151,52.1717796
498,1138,49.2351837
504,1123,42.6110001
505,70,57.6279984
505,1003,0
507,2155,0
510,2157,0
513,67,52.5589981
516,1099,39.1923332
523,64,52.0180016
523,1087,44.1870003
527,997,0
533,1072,48.8387146
534,2171,0
535,61,53.7439995
535,994,0
543,1059,46.9714966
546,59,53.0359993
550,1051,46.0237122
554,991,39.2259979
570,1031,41.7319984
573,2196,52.1230011
589,2857,69.310997
589,2886,64.2170029
591,2840,71.064003
591,2903,63.3110008
592,2834,69.2659988
592,2909,62.7820015
594,2825,73.387001
594,2918,62.3120003
597,2814,71.0540009
601,2802,67.1709976
602,58,37.0830002
605,2792,66.2770004
615,2772,68.6050034
618,2767,69.0339966
626,2755,69.9300003
632,2747,72.2649994
638,66,16.8299999
644,68,15.1000004
672,2699,73.2233353
673,81,12.0576315
678,2681,73.9759979
680,85,12.0664997
681,2335,0
689,2656,73.8479996
689,3046,0
700,2343,0
700,2637,75.427002
700,3052,0
702,2634,74.7539978
704,2631,73.8550034
706,3055,0
709,2624,76.0830002
726,2596,76.1449966
727,2586,75.7799988
728,2580,73.6100006
729,2574,73.8003769
732,2561,73.2559967
733,2352,0
734,2405,60.9449997
734,2423,60.4389992
734,2424,60.5130005
735,2436,63.6555977
736,2384,58.6599998
736,3075,0
738,2541,73.0469971
739,2353,0
739,2491,69.7720032
739,2492,69.8820038
740,2357,62.6040001
740,2507,70.7113342
741,2515,70.7882538
741,3078,0
742,2521,70.3410034
746,133,9.5749321
751,3087,63.4099998
751,3119,60.2809982
752,3129,60.8400002
756,3150,62.243
759,3161,64.8460007
768,3185,65.2190018
808,167,11.0860004
817,163,11.0860004
825,160,11.0198002
834,153,10.3389997
836,149,9.75899982
842,137,12.6370001
853,119,8.33300018
858,112,8.05200005
866,102,7.48099995
872,3287,0
877,3289,0
888,80,5.55892038
888,3293,0
902,66,5.77899981
902,3297,0
903,65,5.52400017
911,57,5.56400013
912,56,5.71400023
922,47,-1.01499999
931,3302,0
943,3303,0
947,29,-1.38600004
972,16,3.92600012
977,3305,0
985,3305,0
1001,6,5.40100002
1001,3304,0
1006,3758,91.0354462
1007,3748,90.4800034
1007,3800,89.322998
1008,3806,89.288002
1009,3812,88.979332
1013,3715,90.7490005
1014,3710,91.2099991
1015,3705,91.6050034
1020,3849,89.3830032
1023,3634,96.1460037
1023,3654,96.2750015
1025,3614,95.2440033
1026,3608,95.5859985
1028,1,5.9749999
1035,3575,100.029999
1037,3531,95.1230011
1038,0,6.19799995
1038,3512,92.0830002
1039,3502,93.302002
1040,3496,93.0540009
1041,3490,93.2789993
1042,3480,93.5619965
1043,3470,93.473999
1045,3457,90.5940018
1047,3448,90.3068085
1054,3425,89.809288
1057,3931,92.5370026
1058,3937,92.4179993
1061,3953,91.4609985
1062,3406,90.4044189
1064,0,5.53800011
1065,3974,91.5370026
1089,4073,79.5599976
1090,4063,79.5490036
1090,4115,82.2659988
1091,4057,79.5350037
1091,4121,82.5731964
1092,4051,79.5370026
1092,4127,82.9616623
1097,5,4.16499996
1105,7,3.45499992
1113,4185,82.3399963
1117,4192,78.2829971
1137,19,0.963999987
1143,22,-0.430999994
1244,4298,0
1249,152,0
1253,162,0
1262,185,0
1314,259,0
1322,4325,0
1339,292,0
1360,4330,0
1380,4330,0
1381,4330,0
1400,4328,0
1406,4327,0
1454,4314,0
1464,4311,0
1477,4312,0
1485,4313,0
1495,450,8.18999958
1542,4314,0
1550,448,9.02999973
1561,4313,0
1563,437,10.1099997
1569,432,7.33599997
1579,4312,0
1581,423,7.38700008
1586,373,8.27600002
1586,374,8.34150028
1586,392,7.4920001
1587,349,8.49300003
1587,361,8.42599964
1593,278,9.86999989
1595,271,9.9829998
1603,249,9.36753368
1613,229,9.20499992
1620,4318,0
1624,212,9.76200008
1630,204,9.04599953
1637,4324,0
1662,172,9.43299961
1670,166,10.5839996
1682,158,11.3030005
1702,4375,0
1707,145,17.7759991
1717,141,19.5629997
1729,137,27.5559998
1740,134,29.0009995
1749,132,28.9179993
1751,4395,0
1762,130,27.9680004
1772,129,27.6170006
1815,4401,0
1832,133,38.1069984
1848,137,40.9350014
1862,4392,0
1868,4390,0
1870,140,51.8380013
1876,4387,0
1883,4384,0
1899,4376,0
1901,137,26.4880009
1908,137,23.7180004
1909,137,23.4740009
1909,4370,0
1922,4361,0
1925,138,21.4500008
1945,141,19.4029999
1961,4322,0
1966,4315,0
1970,4309,0
2015,170,21.0690002
2046,4313,0
2056,206,0
2078,236,13.651
2086,4332,0
2102,230,15.2950001
2118,221,15.323
2120,220,14.6000004
2122,219,14.1440001
2135,213,15.2019997
2140,4348,0
2149,207,18.1919994
2151,4350,0
2153,205,20.3220005
2158,4351,0
2168,4352,0
2170,195,28.0459995
2178,191,27.0739994
2192,185,25.8436661
2196,4352,0
2206,4351,0
2210,179,16.7970009
2213,4350,0
2218,177,14.0240002
2219,4349,0
2228,4347,0
2236,4345,0
2241,173,11.1070004
2252,172,6.02899981
2253,172,6.07200003
2259,4337,0
2272,4331,0
2277,167,17.3010006
2283,4325,0
2291,162,18.3810005
2305,157,16.0720005
2310,4306,0
2319,152,16.3549995
2319,4298,0
2320,4297,0
2327,4290,0
2333,147,21.0440006
2335,4281,0
2340,4275,0
2346,143,22.9330006
2357,4249,0
2364,4235,0
2377,4197,0
2379,137,27.8129997
2379,4189,0
2384,4009,0
2384,4165,0
2385,4087,0
2385,4159,0
2386,4051,0
2386,4076,0
2386,4077,0
2386,4150,0
2387,4001,0
2390,3991,0
2392,3983,0
2397,136,24.1609993
2397,3977,0
2398,136,24.1761246
2400,136,23.868
2413,3968,0
2425,123,24.8759995
2425,3960,0
2439,3949,0
2445,113,32.2389984
2455,109,34.2639999
2466,3922,0
2470,104,36.4410019
2474,3918,0
2482,101,36.7340012
2487,3912,0
2489,3911,0
2495,3908,0
2506,3902,0
2521,2459,0
2531,2445,0
2538,2434,0
2542,2427,0
2549,3893,0
2552,2501,0
2555,2408,0
2560,2511,0
2563,2408,0
2564,2408,0
2573,3893,0
2585,3892,0
2592,2561,0
2593,3891,0
2596,2472,17.6569996
2599,3890,0
2603,2589,0
2613,2654,0
2613,2655,0
2613,3887,0
2617,3886,0
2623,122,36.9280014
2624,3884,0
2628,2677,32.387001
2635,2679,37.269001
2641,3419,0
2646,3876,0
2648,2683,39.7910004
2655,3394,0
2656,2686,39.0139999
2662,3384,0
2666,3378,0
2670,3864,0
2671,3370,0
2672,2553,0
2674,3365,0
2678,3358,0
2681,2558,0
2687,3340,0
2687,3853,0
2689,2562,0
2694,3323,0
2695,3496,0
2695,3847,0
2698,3312,0
2702,3299,0
2703,3295,0
2704,3291,0
2707,3193,0
2707,3276,0
2708,3171,0
2708,3270,0
2709,3162,0
2710,3237,0
2710,3238,0
2710,3239,0
2710,3240,0
2711,3145,0
2712,170,33.0110016
2712,3832,0
2713,3831,0
2720,3126,0
2724,3120,0
2724,3819,0
2733,3545,0
2734,2577,0
2735,3101,0
2737,3802,0
2739,162,40.605999
2739,3799,0
2744,3087,0
2744,3791,0
2745,3086,0
2747,3786,0
2749,160,42.3219986
2756,3768,0
2759,2759,0
2759,3761,0
2761,158,43.276001
2762,3753,0
2765,3613,0
2765,3744,0
2767,157,43.6380005
2768,3055,0
2769,3729,0
2771,3050,0
2773,156,47.2389984
2774,2585,0
2774,3667,0
2774,3694,0
2776,3041,0
2782,155,47.6010017
2782,3030,0
2794,3006,0
2798,2997,0
2800,154,46.4259987
2800,2992,0
2801,154,46.3510017
2803,2984,0
2804,2843,0
2807,2971,0
2810,2867,0
2815,2911,0
2815,2912,0
2815,2915,0
2843,158,42.5209999
2867,2604,0
2899,172,45.1479988
2914,2607,0
2915,2607,0
2919,164,48.375
2927,158,47.9099998
2939,150,47.1735306
2955,141,48.7709999
2966,136,43.8899994
2989,128,41.4640007
2992,2665,0
3001,125,43.4458466
3005,2673,0
3023,2682,0
3038,1424,0
3048,1404,0
3051,2692,0
3055,2693,0
3058,1375,0
3060,121,62.2130013
3063,1288,0
3063,1301,0
3063,1348,0
3064,1284,0
3064,1338,0
3067,1270,0
3068,1264,0
3069,1256,0
3070,122,59.8759995
3070,1227,0
3070,1228,0
3070,1242,0
3076,123,58.2630005
3080,1213,0
3082,124,54.7763329
3084,1492,45.0859985
3084,2698,0
3092,1211,0
3095,127,54.2150002
3101,2699,0
3102,2699,0
3105,130,56.0806656
3106,2699,0
3123,2698,0
3128,1200,0
3129,137,58.3110008
3132,2697,0
3137,1196,0
3138,2696,0
3144,142,61.257
3145,1192,0
3148,2694,0
3151,1522,52.5279999
3154,1187,0
3165,1180,0
3172,1175,0
3176,160,52.3825569
3176,161,52.3238907
3176,162,52.2961655
3177,159,52.3531494
3177,160,52.2654572
3178,159,52.4897156
3178,160,52.3539276
3179,160,52.382
3180,160,52.7750015
3182,1167,0
3182,2683,0
3183,162,53.4547501
3183,163,53.4604797
3184,163,53.5971451
3184,164,53.7267494
3185,164,53.8031578
3186,164,53.9609146
3186,165,54.0390015
3187,165,54.1026573
3187,166,54.213501
3187,167,54.5943336
3188,166,54.4126015
3188,167,54.7675018
3188,168,54.6948013
3188,1162,0
3189,166,54.590786
3189,167,54.7452507
3189,168,54.7702484
3189,169,55.1447487
3190,167,54.8226242
3190,168,54.9691429
3190,169,55.1955719
3190,170,55.4293327
3191,168,55.016201
3191,169,55.0779381
3191,170,55.3062363
3191,171,55.4790001
3191,172,56.3615723
3192,169,55.0609818
3192,170,55.296917
3192,171,55.5555
3192,172,56.342144
3192,173,57.244751
3193,169,54.9720001
3193,170,54.9379997
3193,171,55.9889984
3193,172,56.8803329
3193,173,57.6895714
3193,174,57.8046913
3193,2678,0
3194,170,56.2260017
3194,171,57.0115013
3194,172,57.8435707
3194,173,57.8694992
3194,174,57.8254013
3194,175,57.9908028
3195,171,57.7120018
3195,172,57.8105927
3195,173,57.9416771
3195,174,58.225666
3195,175,58.2858315
3195,176,58.5161667
3195,177,58.706501
3195,1504,60.0219994
3196,171,57.8884277
3196,172,57.8989983
3196,173,57.9176331
3196,174,58.2369995
3196,175,58.3515701
3196,176,58.6575546
3196,177,59.0615005
3196,178,59.4428902
3197,172,57.6441841
3197,173,57.8160019
3197,174,58.3402481
3197,175,58.4208336
3197,176,58.6786156
3197,177,59.0028763
3197,178,59.214859
3197,179,59.4781418
3197,180,59.8515015
3198,173,57.9360008
3198,174,58.2683983
3198,175,58.4347496
3198,176,58.6889
3198,177,58.9872513
3198,178,59.3250008
3198,179,59.5322876
3198,180,59.6305008
3198,181,61.0800018
3199,174,58.1898003
3199,175,58.4351425
3199,176,58.7204437
3199,177,59.1887131
3199,178,59.3656235
3199,179,59.5728416
3199,180,59.6232719
3199,181,59.7205009
3199,182,62.4080009
3199,1503,61.0880013
3200,175,58.6028557
3200,176,59.0342865
3200,177,59.4290009
3200,178,59.2809372
3200,179,59.656723
3200,180,59.7253189
3200,181,59.9360008
3200,182,62.0047607
3200,183,63.1730003
3200,184,63.581665
3201,175,58.9674644
3201,176,59.0713348
3201,177,59.3312683
3201,178,59.3144875
3201,179,59.5124016
3201,180,59.862999
3201,181,60.0223351
3201,182,60.8230019
3201,183,63.1867485
3201,184,63.9129982
3201,185,64.1949997
3202,176,59.1149979
3202,177,59.2265015
3202,178,59.3056259
3202,179,59.7771416
3202,180,60.146286
3202,181,60.3199997
3202,182,60.987999
3202,183,63.5555
3202,184,64.0699997
3202,185,64.2839966
3202,186,65.3909988
3203,177,59.6339989
3203,178,60.0597
3203,179,60.7080002
3203,180,62.0726013
3203,181,63.1839981
3203,182,63.579998
3203,183,64.1299973
3203,184,65.1545029
3203,185,65.8759995
3203,186,66.4219971
3203,187,66.3160019
3203,188,66.0568924
3204,178,61.9812851
3204,179,62.8608322
3204,180,63.5131989
3204,181,64.2496643
3204,182,65.1299973
3204,183,66.072998
3204,184,66.5790024
3204,185,66.6470032
3204,186,66.5749969
3204,187,66.6865005
3204,188,66.5719986
3204,189,66.6269989
3205,179,64.4698029
3205,180,65.3162003
3205,181,66.3040009
3205,182,66.3410034
3205,183,66.6374969
3205,184,66.6039963
3205,185,66.5534973
3205,186,66.5350037
3205,187,66.9499969
3205,188,67.1691666
3205,189,67.149498
3205,190,67.3846664
3206,179,66.3655014
3206,180,66.6608353
3206,181,66.4153366
3206,182,66.5630035
3206,183,66.6050034
3206,184,66.6689987
3206,185,66.6299973
3206,186,66.9532471
3206,187,67.3809967
3206,188,67.6849976
3206,189,67.7935028
3206,190,67.8290024
3206,191,68.2740021
3206,192,68.5569992
3207,180,66.5934982
3207,181,66.4189987
3207,182,66.4540024
3207,183,66.6389999
3207,184,66.9489975
3207,185,67.2089996
3207,186,67.4185028
3207,187,67.7736664
3207,188,68.2610016
3207,189,68.4250031
3207,190,68.6082535
3207,191,68.6740036
3207,192,69.3190002
3207,193,69.4583359
3207,1146,0
3208,181,66.6539993
3208,182,66.5354996
3208,183,66.6193314
3208,184,67.3580017
3208,185,67.6413345
3208,186,67.8830032
3208,187,68.1875992
3208,188,68.5920029
3208,189,69.0077515
3208,190,69.1366653
3208,191,69.2133331
3208,192,69.8399963
3208,193,70.137001
3208,194,70.4410019
3209,182,66.7583313
3209,183,67.3365021
3209,184,67.6856842
3209,185,68.0595016
3209,186,68.3386688
3209,187,68.6303329
3209,188,69.0585022
3209,189,69.2990036
3209,190,69.6937485
3209,191,69.7474976
3209,192,70.2340012
3209,193,70.5907516
3209,194,70.5453339
3209,195,71.2795029
3210,183,67.3007965
3210,184,67.9976654
3210,185,68.3960037
3210,186,68.6953354
3210,187,68.9725037
3210,188,69.4215012
3210,189,69.8122482
3210,190,70.1080017
3210,191,70.3355026
3210,192,70.3590012
3210,193,70.7720032
3210,194,71.133667
3210,195,71.8190002
3210,196,72.2676697
3210,197,72.4617462
3211,183,67.5972519
3211,184,67.8952026
3211,185,68.7450027
3211,186,69.2699966
3211,187,69.4430008
3211,188,69.6648331
3211,189,70.0476685
3211,190,70.4824982
3211,191,71.0719986
3211,192,70.9032516
3211,193,71.3366699
3211,194,71.9430008
3211,195,72.3646698
3211,196,73.1169968
3211,197,72.9657974
3211,198,73.0108337
3212,184,68.8167496
3212,185,69.1539993
3212,186,69.4629974
3212,187,69.7750015
3212,188,70.2570038
3212,189,71.216835
3212,190,71.6539993
3212,191,71.7866669
3212,192,71.3752518
3212,193,71.8883362
3212,194,72.2676697
3212,195,72.7956924
3212,196,72.9518814
3212,197,72.9957504
3212,198,72.9054489
3212,199,72.7838593
3213,185,69.4112473
3213,186,69.8330002
3213,187,70.7716675
3213,188,71.5070038
3213,189,71.685997
3213,190,71.925499
3213,191,71.9022522
3213,192,72.026001
3213,193,72.1007538
3213,194,72.6320038
3213,195,73.3075027
3213,196,73.5380783
3213,197,73.581131
3213,198,73.4994965
3213,199,73.4014969
3213,1141,0
3214,186,71.5329971
3214,187,71.5940018
3214,188,71.9899979
3214,189,71.9473343
3214,190,72.0622482
3214,191,72.019165
3214,192,72.3855972
3214,193,72.4627991
3214,194,72.9097519
3214,195,73.4000015
3214,196,73.7788467
3214,197,73.630249
3214,198,73.62117
3214,199,73.6091385
3214,200,73.5270004
3215,187,71.9690018
3215,188,72.1699982
3215,189,72.3478012
3215,190,72.4116669
3215,191,72.4217529
3215,192,72.5080032
3215,193,72.9937515
3215,194,73.2196655
3215,195,73.5335007
3215,196,73.8755035
3215,197,73.8105011
3215,198,73.7507477
3215,199,74.0664673
3215,200,73.9589996
3215,201,73.9850006
3216,187,72.4311981
3216,188,72.4899979
3216,189,72.6722031
3216,190,72.7883987
3216,191,72.7443314
3216,192,72.8190002
3216,193,73.4064026
3216,194,73.6003342
3216,195,74.0792465
3216,196,74.2419968
3216,197,74.0500031
3216,198,74.0940018
3216,199,73.894249
3216,200,73.8710022
3216,201,74.2234268
3216,202,74.5122528
3217,188,72.9865036
3217,189,73.0045013
3217,190,72.7939987
3217,191,72.8582535
3217,192,73.3516693
3217,193,73.8830032
3217,194,74.0797501
3217,195,74.447197
3217,196,74.8649979
3217,197,74.2190018
3217,198,74.0970001
3217,199,74.1090012
3217,200,74.6849976
3217,201,75.4290009
3217,202,75.1920013
3217,203,75.1345978
3218,189,73.2774963
3218,190,73.3054962
3218,191,73.5777512
3218,192,74.0122528
3218,193,74.3542023
3218,194,74.5518036
3218,195,74.7699966
3218,196,75.2594986
3218,197,75.1309967
3218,198,75.0386658
3218,199,75.1579971
3218,200,75.3567963
3218,201,75.5254974
3218,202,75.7247772
3218,203,75.6333008
3218,204,75.8297119
3218,2663,0
3219,190,73.9213333
3219,191,74.2590027
3219,192,74.5672531
3219,193,74.8000031
3219,194,75.0262527
3219,195,75.1912537
3219,196,75.6490021
3219,197,76.0603333
3219,198,75.6869965
3219,199,75.9447479
3219,200,75.9294968
3219,201,76.0172501
3219,202,76.1071701
3219,203,76.1486282
3219,204,76.2720032
3219,205,76.5960007
3220,191,74.8619995
3220,192,75.0839996
3220,193,75.3119965
3220,194,75.5985031
3220,195,75.7563324
3220,196,76.0100021
3220,197,76.1126633
3220,198,76.1340027
3220,199,76.213501
3220,200,76.3570023
3220,201,76.8799973
3220,202,76.9411697
3220,203,76.7585983
3220,204,76.7791977
3220,205,77.0975037
3220,206,77.6061249
3221,191,75.2416687
3221,192,75.487999
3221,193,75.7377472
3221,194,76.024498
3221,195,76.2016678
3221,196,76.4160004
3221,197,76.6910019
3221,198,76.6169968
3221,199,76.9146652
3221,200,76.9889984
3221,201,77.0021133
3221,202,77.1007538
3221,203,77.3114471
3221,204,77.2852478
3221,205,77.5189972
3221,206,78.0479965
3221,1498,56.2939987
3222,192,75.9824982
3222,193,76.2375031
3222,194,76.4555969
3222,195,76.6395035
3222,196,76.887001
3222,197,77.0749969
3222,198,77.2389984
3222,199,77.4366684
3222,200,77.3016663
3222,201,77.6421051
3222,202,77.6088867
3222,203,77.8800049
3222,204,77.9257965
3222,205,78.0469971
3222,206,78.4385986
3222,207,79.034996
3223,193,76.5996704
3223,194,76.8339996
3223,195,77.2005005
3223,196,77.4505005
3223,197,77.5643997
3223,198,77.6149979
3223,199,77.7354965
3223,200,77.8085022
3223,201,77.8763351
3223,202,78.0701675
3223,203,78.5055008
3223,204,78.4766464
3223,205,78.4794006
3223,206,78.84375
3223,207,79.3619995
3223,208,80.67733
3224,194,77.7699966
3224,195,78.1295013
3224,196,77.998497
3224,197,77.9873352
3224,198,78.1080017
3224,199,78.1559982
3224,200,78.1439972
3224,201,78.6093369
3224,202,78.7359772
3224,203,78.568428
3224,204,78.9051666
3224,205,79.1247482
3224,206,79.3013306
3224,207,79.7196655
3224,208,80.5323334
3224,209,81.2175751
3225,195,78.5370026
3225,196,78.3953323
3225,197,78.3949966
3225,198,78.5650024
3225,199,78.7460022
3225,200,78.7057495
3225,201,78.7406693
3225,202,79.250412
3225,203,79.2987213
3225,204,79.4049988
3225,205,79.5830002
3225,206,79.8384018
3225,207,80.0645981
3225,208,80.5682526
3225,209,81.2116699
3225,210,81.7494278
3225,2658,0
3226,195,78.8580017
3226,196,78.8840027
3226,197,78.8270035
3226,198,79.0139999
3226,199,79.2634964
3226,200,79.5818024
3226,201,79.6139984
3226,202,79.8379974
3226,203,79.4945984
3226,204,80.0563354
3226,205,80.2160034
3226,206,80.3341446
3226,207,80.5347977
3226,208,80.8392487
3226,209,81.3701401
3226,210,81.8789978
3226,211,82.164238
3226,1130,0
3227,196,79.3089981
3227,197,79.3730011
3227,198,79.3649979
3227,199,79.8304977
3227,200,79.8919983
3227,201,79.9680023
3227,202,80.3740005
3227,203,80.4833755
3227,204,80.4141083
3227,205,80.5708008
3227,206,80.7222519
3227,207,81.0554962
3227,208,81.2580032
3227,209,81.6214981
3227,210,82.0080032
3227,211,82.414093
3227,212,82.7634277
3228,197,79.7070007
3228,198,79.8006668
3228,199,80.1750031
3228,200,80.2632523
3228,201,80.4787521
3228,202,80.6606674
3228,203,81.1723328
3228,204,80.777298
3228,205,80.7621994
3228,206,81.5009995
3228,207,81.4228592
3228,208,81.7636032
3228,209,82.0332031
3228,210,82.3347244
3228,211,82.7711563
3228,212,83.1541977
3228,213,83.7154999
3229,198,80.2042465
3229,199,80.3733368
3229,200,80.5013351
3229,201,80.6490021
3229,202,81.0387115
3229,203,81.07267
3229,204,81.4946671
3229,205,81.661232
3229,206,81.9229965
3229,207,81.7519989
3229,208,82.1317978
3229,209,82.4837494
3229,210,82.8899994
3229,211,83.1192017
3229,212,83.4476242
3229,213,83.7949982
3230,199,81.0429993
3230,200,81.1825027
3230,201,81.3935013
3230,202,81.6081467
3230,203,81.6669998
3230,204,82.0774994
3230,205,81.9575577
3230,206,81.9541397
3230,207,82.0788727
3230,208,82.3666687
3230,209,82.6988297
3230,210,83.2313004
3230,211,83.4923325
3230,212,83.6975021
3230,213,84.1480026
3230,214,84.3937531
3230,2654,0
3231,199,81.4994965
3231,200,81.9704971
3231,201,82.1664963
3231,202,82.4794998
3231,203,82.2740021
3231,204,82.086113
3231,205,82.2394867
3231,206,82.3309174
3231,207,82.3867493
3231,208,82.4919968
3231,209,82.7568741
3231,210,83.0975571
3231,211,83.3767166
3231,212,83.7115707
3231,213,84.038002
3231,214,84.5357513
3231,215,84.9169998
3232,200,82.4756012
3232,201,82.822197
3232,202,83.0510025
3232,203,82.7855988
3232,204,82.690361
3232,205,82.6864777
3232,206,82.433754
3232,207,82.6218338
3232,208,82.8251648
3232,209,82.9520035
3232,210,83.1537781
3232,211,83.4611816
3232,212,83.7705002
3232,213,84.121666
3232,214,84.6286011
3232,215,85.3321457
3232,216,85.5251465
3232,1125,0
3233,201,83.4260025
3233,202,83.4706268
3233,203,83.234375
3233,204,83.7843781
3233,205,82.4503326
3233,206,82.7929993
3233,207,83.1916656
3233,208,83.1171799
3233,209,83.2250977
3233,210,83.411499
3233,211,84.0753784
3233,212,83.8857498
3233,213,84.2410431
3233,214,84.7133331
3233,215,85.5725708
3233,216,85.7671585
3233,217,85.8685608
3234,202,84.2763977
3234,203,84.5551224
3234,204,83.6945038
3234,205,83.5084
3234,206,83.3761978
3234,207,83.4198303
3234,208,83.303093
3234,209,83.3687134
3234,210,83.7149277
3234,211,84.0356674
3234,212,84.3356552
3234,213,84.8213959
3234,214,85.01548
3234,215,85.84375
3234,216,86.2550049
3234,217,86.177002
3234,218,85.8427505
3235,203,85.1315002
3235,204,85.2521133
3235,205,84.0080032
3235,206,83.8256683
3235,207,83.8245239
3235,208,83.644104
3235,209,83.7549973
3235,210,84.1598816
3235,211,84.3929977
3235,212,84.3135681
3235,213,85.211998
3235,214,85.1774979
3235,215,85.4872055
3235,216,86.1380005
3235,217,86.5859985
3235,218,86.7346649
3235,219,86.9369965
3236,203,86.0744476
3236,204,86.3247528
3236,205,85.3506699
3236,206,84.7907181
3236,207,84.2630005
3236,208,83.8521652
3236,209,84.2115021
3236,210,84.3088303
3236,211,84.4512482
3236,212,84.6119995
3236,213,85.0214996
3236,214,85.3259964
3236,215,85.348999
3236,216,87.222496
3236,217,87.9940033
3236,218,88.0749969
3236,219,88.5394974
3236,220,88.8682022
3236,2649,0
3237,204,87.0762253
3237,205,86.8442001
3237,206,86.5255966
3237,207,85.3949203
3237,208,84.9612503
3237,209,85.0790024
3237,210,85.0130005
3237,211,86.6949158
3237,212,86.7192535
3237,213,88.586998
3237,214,88.9906693
3237,215,89.730751
3237,216,90.850502
3237,217,90.8355026
3237,218,90.7300034
3237,219,91.0354309
3237,220,91.5179977
3237,221,91.5680008
3237,2648,0
3238,205,88.0912476
3238,206,88.2677994
3238,207,88.6029968
3238,208,88.7832489
3238,209,89.262001
3238,210,89.7685013
3238,211,90.1228867
3238,212,90.4816971
3238,213,90.8837509
3238,214,91.177002
3238,215,91.5400009
3238,216,91.8659973
3238,217,92.1110001
3238,218,92.2574997
3238,219,92.8293304
3238,220,93.2076645
3238,221,93.8156662
3238,1120,0
3239,206,89.6251678
3239,207,89.9349976
3239,208,90.177002
3239,209,90.5370026
3239,210,90.9814987
3239,211,91.5815964
3239,212,92.0589981
3239,213,92.7539978
3239,214,93.2655029
3239,215,93.8046646
3239,216,94.2383347
3239,217,94.6999969
3239,218,94.961998
3239,219,95.5199966
3239,220,95.8519974
3239,221,96.0770874
3239,222,95.9304962
3239,244,99.5257187
3239,247,100.510208
3239,252,101.736336
3239,253,101.992134
3240,207,90.7186661
3240,208,91.6098022
3240,209,92.740715
3240,210,93.366333
3240,211,94.1772537
3240,212,94.9282532
3240,213,95.4596024
3240,214,95.8849258
3240,215,96.2146683
3240,216,96.2845001
3240,217,96.0757523
3240,218,96.0495987
3240,219,96.0183334
3240,220,95.9860001
3240,221,95.9400024
3240,222,95.925499
3240,244,99.5300827
3241,207,92.316597
3241,208,93.685997
3241,209,95.0090027
3241,210,95.9400024
3241,211,96.3142853
3241,212,96.3511047
3241,213,96.2565002
3241,214,96.2315979
3241,215,96.2164993
3241,216,96.197197
3241,217,96.1845016
3241,218,96.1194992
3241,219,96.0804977
3241,220,96.0792007
3241,221,96.0585022
3241,222,96.0080032
3241,223,95.9550018
3241,244,99.737999
3241,245,100.303001
3241,248,101.358002
3241,249,101.385368
3242,208,95.6729965
3242,209,96.3102188
3242,210,96.5414963
3242,211,96.3677521
3242,212,96.348999
3242,213,96.3724976
3242,214,96.336998
3242,215,96.2907486
3242,216,96.260498
3242,217,96.211998
3242,218,96.1576691
3242,219,96.1636658
3242,220,96.1437531
3242,221,96.1437988
3242,222,96.0719986
3242,223,96.0623322
3242,224,96.2369995
3242,225,96.0559998
3242,245,100.308128
3242,248,101.358116
3242,249,101.625175
3242,257,103.34845
3243,209,96.4702835
3243,210,96.4615021
3243,211,96.4550018
3243,212,96.4091568
3243,213,96.3982849
3243,214,96.3724976
3243,215,96.3473358
3243,216,96.3225021
3243,217,96.2736664
3243,218,96.2590027
3243,219,96.2476654
3243,220,96.2190018
3243,221,96.1726685
3243,222,96.1866684
3243,223,96.1237488
3243,224,96.1721649
3243,225,96.0735016
3243,226,96.2574997
3243,256,103.399246
3243,260,102.743668
3243,261,102.681747
3243,264,102.731239
3244,210,96.5149002
3244,211,96.5020905
3244,212,96.4866638
3244,213,96.470665
3244,214,96.442749
3244,215,96.4209976
3244,216,96.4300003
3244,217,96.3853302
3244,218,96.3509979
3244,219,96.3290024
3244,220,96.2493362
3244,221,96.2528
3244,222,96.2453995
3244,223,96.1902466
3244,224,96.1910019
3244,225,96.2055969
3244,226,96.6681976
3244,227,97.7897491
3244,228,98.3482513
3244,249,102.708458
3244,250,102.719666
3244,256,103.501694
3244,257,103.61116
3244,261,103.442665
3244,262,103.183319
3244,263,103.172783
3244,264,103.162819
3245,211,96.5889969
3245,212,96.5497894
3245,213,96.5483322
3245,214,96.5253296
3245,215,96.5240021
3245,216,96.5025711
3245,217,96.448288
3245,218,96.4248581
3245,219,96.3355026
3245,220,96.346199
3245,221,96.348999
3245,222,96.3359985
3245,223,96.2659988
3245,224,96.2718353
3245,225,96.2914963
3245,226,96.6159973
3245,227,97.5719986
3245,228,98.3138351
3245,229,98.4644012
3245,249,102.584427
3245,250,102.886635
3245,256,103.5625
3245,258,104.459
3245,263,103.23391
3245,264,103.461403
3246,211,96.6436234
3246,212,96.6033096
3246,213,96.5893784
3246,214,96.5914993
3246,215,96.5677109
3246,216,96.536499
3246,217,96.4887161
3246,218,96.4744034
3246,219,96.4411392
3246,220,96.4416656
3246,221,96.4496689
3246,222,96.3952026
3246,223,96.3603363
3246,224,96.3598328
3246,225,96.469429
3246,226,96.5286636
3246,227,97.343399
3246,228,98.2089996
3246,229,98.4458313
3246,230,98.5350037
3246,249,103.245499
3246,250,103.910957
3246,251,103.801598
3246,257,104.768494
3246,258,104.752342
3247,212,96.6849365
3247,213,96.6648712
3247,214,96.6684265
3247,215,96.6309967
3247,216,96.5774002
3247,217,96.542717
3247,218,96.5410004
3247,219,96.5370026
3247,220,96.5115967
3247,221,96.4756699
3247,222,96.4523315
3247,223,96.4327164
3247,224,96.4300003
3247,225,96.4684982
3247,226,96.6149979
3247,227,97.2565002
3247,228,98.0211639
3247,229,98.4703751
3247,230,98.5088577
3247,231,98.5752029
3247,249,104.239502
3247,250,104.056641
3247,251,103.759598
3247,257,104.981071
3247,258,105.089836
3247,260,105.500832
3248,212,96.7226639
3248,213,96.7429962
3248,214,96.7376251
3248,215,96.6878357
3248,216,96.6401672
3248,217,96.5887985
3248,218,96.5731964
3248,219,96.5856018
3248,220,96.5774002
3248,221,96.5468369
3248,222,96.5195007
3248,223,96.4938354
3248,224,96.5145035
3248,225,96.7493973
3248,226,96.9422531
3248,227,97.4025726
3248,228,98.0333328
3248,229,98.3762512
3248,230,98.599556
3248,231,98.6177139
3248,232,98.6605988
3248,248,103.595001
3248,250,103.824997
3248,252,104.494339
3248,253,104.815002
3248,259,105.959541
3248,260,106.066582
3249,213,96.7707977
3249,214,96.7345734
3249,215,96.6992874
3249,216,96.6898346
3249,217,96.6687164
3249,218,96.6439972
3249,219,96.6409988
3249,220,96.6480026
3249,221,96.8002014
3249,222,96.7317963
3249,223,96.658287
3249,224,96.8534012
3249,225,97.2959976
3249,226,97.3907166
3249,227,97.7197495
3249,228,98.1027145
3249,229,98.3073349
3249,230,98.6056213
3249,231,98.6449966
3249,232,98.7031631
3249,233,98.7720032
3249,250,104.818001
3249,251,104.557503
3249,252,104.851181
3249,253,105.123833
3249,259,106.430222
3249,260,106.510384
3249,262,106.645027
3249,263,106.705246
3250,213,96.7913742
3250,214,96.7855988
3250,215,96.7871704
3250,216,96.7613983
3250,217,96.7347488
3250,218,96.8321686
3250,219,97.1821976
3250,220,97.8481674
3250,221,98.1157532
3250,222,98.1286697
3250,223,97.9899979
3250,224,97.8677521
3250,225,97.9100037
3250,226,97.8710022
3250,227,98.0339966
3250,228,98.2205734
3250,229,98.4092026
3250,230,98.5833359
3250,231,98.7210007
3250,232,98.7122498
3250,233,98.7582474
3250,234,99.1976013
3250,235,98.9402466
3250,249,104.646523
3250,250,105.209
3250,252,104.875687
3250,262,107.043716
3250,263,107.044594
3251,214,96.8265991
3251,215,96.8262863
3251,216,96.9652023
3251,217,97.3917465
3251,218,98.0103302
3251,219,98.4943314
3251,220,98.3659973
3251,221,98.3755035
3251,222,98.4152832
3251,223,98.4117508
3251,224,98.473999
3251,225,98.399498
3251,226,98.3205032
3251,227,98.4197998
3251,228,98.4440002
3251,229,98.5413971
3251,230,98.6911392
3251,231,98.7653351
3251,232,98.8183365
3251,233,98.7942505
3251,234,98.987999
3251,235,98.9818573
3251,236,99.2351456
3251,252,105.875328
3251,254,105.870964
3251,263,107.155037
3251,264,107.186317
3251,1109,0
3252,214,97.3157501
3252,215,97.7988586
3252,216,98.2516022
3252,217,98.258667
3252,218,98.3669968
3252,219,98.4274979
3252,220,98.6060028
3252,221,98.592598
3252,222,98.8114014
3252,223,98.8037491
3252,224,98.6212006
3252,225,98.5865021
3252,226,98.810997
3252,227,98.9075012
3252,228,98.8616638
3252,229,98.8314972
3252,230,98.8315735
3252,231,98.8174973
3252,232,98.8468323
3252,233,98.9296036
3252,234,99.0650024
3252,235,99.3047485
3252,236,99.7342529
3252,237,100.208
3252,253,106.044533
3252,254,106.016754
3252,257,106.643501
3252,263,107.231796
3252,264,107.271538
3253,215,98.2080002
3253,216,98.2699966
3253,217,98.366333
3253,218,98.8962479
3253,219,98.6826019
3253,220,98.6624985
3253,221,98.6886749
3253,222,99.9140015
3253,223,98.8712006
3253,224,98.6787491
3253,225,98.9732513
3253,226,99.3219986
3253,227,99.413002
3253,228,99.4256668
3253,229,99.3421402
3253,230,99.2419968
3253,231,99.1892014
3253,232,99.1027985
3253,233,99.3152466
3253,234,99.7113342
3253,235,100.218246
3253,236,100.844002
3253,237,101.481598
3253,254,105.964996
3253,2632,0
3254,215,98.3882523
3254,216,98.8740005
3254,217,98.961998
3254,218,98.9185028
3254,219,98.9151382
3254,220,98.7429199
3254,221,98.7910004
3254,222,98.6836014
3254,223,98.5240021
3254,224,98.6907501
3254,225,99.4349976
3254,226,99.6587524
3254,227,99.940712
3254,228,100.148834
3254,229,100.082603
3254,230,99.8448334
3254,231,99.9396667
3254,232,100.139336
3254,233,100.540497
3254,234,101.377197
3254,235,101.821404
3254,236,102.077332
3254,237,102.430336
3254,238,102.802002
3254,255,107.817665
3254,256,107.229202
3254,1492,60.4020004
3255,220,98.7628708
3255,221,98.8394241
3255,222,98.9094849
3255,223,98.6035995
3255,224,100.276001
3255,225,100.593002
3255,226,100.640999
3255,227,100.53167
3255,228,100.62133
3255,229,100.94017
3255,230,100.985374
3255,231,101.143204
3255,232,101.653831
3255,233,101.73275
3255,234,101.751572
3255,235,101.82457
3255,236,102.006668
3255,237,102.356499
3255,238,102.89167
3255,239,103.232597
3255,256,107.616859
3255,257,107.703278
3255,258,107.714218
3256,220,98.9072495
3256,221,98.859375
3256,222,98.7173843
3256,223,98.6378326
3256,224,101.794502
3256,225,101.818001
3256,226,101.878891
3256,227,101.676857
3256,228,101.410728
3256,229,101.331558
3256,230,101.561668
3256,231,101.674004
3256,232,101.715286
3256,233,101.669502
3256,234,101.702568
3256,235,101.793503
3256,236,101.893997
3256,237,102.370163
3256,238,102.625504
3256,239,102.995781
3256,252,106.888374
3256,256,107.773071
3256,257,107.664909
3256,258,107.765259
3257,221,98.8607101
3257,222,98.7403336
3257,223,98.6900024
3257,224,100.18264
3257,225,102.403
3257,226,102.305603
3257,227,102.150574
3257,228,101.7388
3257,229,101.629425
3257,230,101.57933
3257,231,101.544365
3257,232,101.554283
3257,233,101.680283
3257,234,101.811752
3257,235,101.898331
3257,236,101.913399
3257,237,102.075996
3257,238,102.39386
3257,239,102.685669
3257,240,102.987167
3257,253,107.301498
3257,256,108.081169
3257,1104,0
3258,220,98.8872223
3258,221,99.0634766
3258,222,99.508049
3258,223,99.9732056
3258,224,101.327507
3258,225,102.429199
3258,226,102.378166
3258,227,101.857498
3258,228,101.648331
3258,229,101.542999
3258,230,101.518799
3258,231,101.587196
3258,232,101.69725
3258,233,101.842834
3258,234,101.997711
3258,235,102.074997
3258,236,102.079002
3258,237,102.138199
3258,238,102.401283
3258,239,102.621002
3258,240,102.995537
3259,218,98.9402313
3259,223,101.305679
3259,224,101.939384
3259,225,102.461998
3259,226,101.9384
3259,227,101.67572
3259,228,101.625
3259,229,101.635376
3259,230,101.692253
3259,231,101.768997
3259,232,101.84314
3259,233,101.949501
3259,234,102.083855
3259,235,102.190666
3259,236,102.220497
3259,237,102.221336
3259,238,102.462715
3259,239,102.69986
3259,240,103.140503
3259,253,107.527107
3260,224,102.221001
3260,225,102.039833
3260,226,101.702713
3260,227,101.688713
3260,228,101.761375
3260,229,101.799248
3260,230,101.838501
3260,231,101.914001
3260,232,101.935249
3260,233,102.02533
3260,234,102.124832
3260,235,102.217834
3260,236,102.30014
3260,237,102.317879
3260,238,102.400002
3260,239,102.803596
3260,240,103.16333
3260,241,103.116997
3260,242,103.301933
3261,225,101.966797
3261,226,101.733856
3261,227,101.818199
3261,228,101.937141
3261,229,101.94883
3261,230,101.973602
3261,231,102.023666
3261,232,102.070999
3261,233,102.116997
3261,234,102.193253
3261,235,102.275398
3261,236,102.359253
3261,237,102.403252
3261,238,102.4925
3261,239,102.845497
3261,240,103.075569
3261,241,103.270348
3261,242,103.56926
3261,243,103.313004
3262,225,102.061333
3262,226,101.78714
3262,227,101.900253
3262,228,102.022003
3262,229,102.0718
3262,230,102.050797
3262,231,102.137001
3262,232,102.189247
3262,233,102.232201
3262,234,102.284836
3262,235,102.354568
3262,236,102.415001
3262,237,102.474998
3262,238,102.563858
3262,239,102.875664
3262,240,103.176109
3262,241,103.199715
3262,242,103.773209
3262,256,108.561996
3263,226,101.887497
3263,227,101.957664
3263,228,102.07267
3263,229,102.185204
3263,230,102.193497
3263,231,102.219254
3263,232,102.287766
3263,233,102.334999
3263,234,102.376251
3263,235,102.38633
3263,236,102.458748
3263,237,102.556335
3263,238,102.767998
3263,239,103.040749
3263,240,103.4925
3263,241,103.654198
3263,242,104.079002
3263,243,104.513748
3264,226,102.074997
3264,227,101.904999
3264,228,102.058746
3264,229,102.200996
3264,230,102.221336
3264,231,102.293854
3264,232,102.352798
3264,233,102.405998
3264,234,102.4245
3264,235,102.439247
3264,236,102.530502
3264,237,102.619247
3264,238,102.858597
3264,239,103.289833
3264,240,103.736115
3264,241,104.247147
3264,242,104.660332
3264,243,104.913254
3264,244,105.2005
3265,226,102.091003
3265,227,101.95475
3265,228,102.069
3265,229,102.190002
3265,230,102.250336
3265,231,102.315804
3265,232,102.364334
3265,233,102.432358
3265,234,102.505669
3265,235,102.533836
3265,236,102.855003
3265,237,103.136398
3265,238,103.38633
3265,239,103.774666
3265,240,104.207497
3265,241,104.429169
3265,242,104.426598
3265,243,104.5494
3265,244,104.781998
3265,245,105.056252
3265,246,105.289497
3266,226,102.172218
3266,227,102.114998
3266,228,102.052574
3266,229,102.181252
3266,230,102.293144
3266,231,102.356201
3266,232,102.406425
3266,233,102.565804
3266,234,102.896004
3266,235,103.008331
3266,236,103.193001
3266,237,103.487663
3266,238,103.66433
3266,239,103.818199
3266,240,103.927902
3266,241,104.017998
3266,242,104.279503
3266,243,104.508797
3266,244,104.696503
3266,245,105.274002
3266,246,105.676003
3266,247,105.909752
3267,226,102.281502
3267,227,102.172997
3267,228,102.115501
3267,229,102.225197
3267,230,102.350502
3267,231,102.547668
3267,232,102.639397
3267,233,102.781998
3267,234,103.06575
3267,235,103.222504
3267,236,103.316002
3267,237,103.4468
3267,238,103.433998
3267,239,103.627998
3267,240,103.827835
3267,241,103.958282
3267,242,104.124802
3267,243,104.447197
3267,244,104.796997
3267,245,105.166252
3267,246,105.505501
3267,247,105.717751
3267,248,106.088501
3267,249,106.3545
3268,225,102.258324
3268,226,102.364388
3268,227,102.199997
3268,228,102.131798
3268,229,102.382599
3268,230,102.491249
3268,231,102.711403
3268,232,102.861336
3268,233,103.055252
3268,234,103.0905
3268,235,103.137001
3268,236,103.188248
3268,237,103.344398
3268,238,103.478752
3268,239,103.596146
3268,240,103.751999
3268,241,103.988998
3268,242,104.157333
3268,243,104.417854
3268,244,104.724998
3268,245,104.985001
3268,246,105.477997
3268,247,105.756332
3268,248,106.028
3268,249,106.292229
3268,250,106.764999
3269,224,102.271248
3269,225,102.065002
3269,226,102.021202
3269,227,102.112999
3269,228,102.569504
3269,229,102.696404
3269,230,102.659401
3269,231,102.707748
3269,232,102.823669
3269,233,102.925003
3269,234,103.043999
3269,235,103.166801
3269,236,103.284599
3269,237,103.474747
3269,238,103.64743
3269,239,103.981331
3269,240,103.914833
3269,241,103.990219
3269,242,104.307503
3269,243,104.511169
3269,244,104.914001
3269,245,105.226997
3269,246,105.429001
3269,247,105.684998
3269,248,105.960999
3269,249,106.230751
3269,250,106.708504
3269,251,106.992996
3270,225,102.073997
3270,226,102.633835
3270,227,102.961998
3270,228,102.936569
3270,229,102.805664
3270,230,102.809998
3270,231,102.941803
3270,232,103.016502
3270,233,103.064857
3270,234,103.128998
3270,235,103.355667
3270,236,103.496597
3270,237,103.626289
3270,238,103.803833
3270,239,103.825249
3270,240,103.997002
3270,241,104.099182
3270,242,104.2845
3270,243,104.614799
3270,244,104.899002
3270,245,105.211334
3270,246,105.35775
3270,247,105.671837
3270,248,105.964798
3270,249,106.326431
3270,250,106.734001
3270,251,107.127998
3270,252,107.54686
3270,253,107.900284
3271,225,102.971497
3271,226,103.2034
3271,227,103.125
3271,228,102.9095
3271,229,102.94783
3271,230,103.025833
3271,231,103.058601
3271,232,103.077003
3271,233,103.223854
3271,234,103.404999
3271,235,103.387337
3271,236,103.508202
3271,237,103.700752
3271,238,103.957001
3271,239,103.980713
3271,240,103.927284
3271,241,104.0914
3271,242,104.338623
3271,243,104.510429
3271,244,104.799667
3271,245,104.965248
3271,246,105.263336
3271,247,105.601669
3271,248,105.942253
3271,249,106.48275
3271,250,106.976997
3271,251,107.443146
3271,252,107.728333
3271,253,108.2472
3271,254,108.609428
3271,1491,60.5839996
3272,226,103.089752
3272,227,103.090714
3272,228,103.100998
3272,229,103.094398
3272,230,103.117859
3272,231,103.133667
3272,232,103.154999
3272,233,103.231331
3272,234,103.382751
3272,235,103.460747
3272,236,103.621498
3272,237,103.848
3272,238,103.929001
3272,239,104.072571
3272,240,104.172997
3272,241,104.123001
3272,242,104.265999
3272,243,104.342201
3272,244,104.60067
3272,245,105.058334
3272,246,105.645752
3272,247,106.096283
3272,248,106.512604
3272,249,107.182999
3272,250,107.450333
3272,251,107.899002
3272,252,108.2006
3272,253,108.660004
3272,254,108.862198
3272,255,108.948997
3272,256,109.088715
3272,1491,60.7439995
3272,2607,0
3273,227,103.221664
3273,228,103.356598
3273,229,103.355003
3273,230,103.317398
3273,231,103.223999
3273,232,103.308601
3273,233,103.377602
3273,234,103.483002
3273,235,103.560997
3273,236,103.719803
3273,237,104.084
3273,238,104.248001
3273,239,104.284332
3273,240,104.267998
3273,241,104.145287
3273,242,104.296997
3273,243,104.508797
3273,244,104.862877
3273,245,105.682747
3273,246,106.367996
3273,247,106.860603
3273,248,107.106796
3273,249,107.441002
3273,250,107.793335
3273,251,108.155251
3273,252,108.552834
3273,253,108.836601
3273,254,109.029999
3273,255,109.057571
3273,256,109.11483
3273,257,109.285835
3274,228,103.343872
3274,229,103.268997
3274,230,103.3088
3274,231,103.503998
3274,232,103.430717
3274,233,103.455711
3274,234,103.737999
3274,235,103.857002
3274,236,104.077751
3274,237,104.373337
3274,238,104.403427
3274,239,104.5075
3274,240,104.463249
3274,241,104.149094
3274,242,104.269432
3274,243,104.8694
3274,244,105.793877
3274,245,106.417999
3274,246,107.033669
3274,247,107.345665
3274,248,107.495201
3274,249,107.727165
3274,250,108.056
3274,251,108.279663
3274,252,108.635002
3274,253,108.9618
3274,254,109.102997
3274,255,109.209831
3274,256,109.262497
3274,257,109.421669
3274,258,109.531799
3275,228,102.078003
3275,229,101.956711
3275,230,103.187202
3275,231,103.587669
3275,232,103.672859
3275,233,103.672401
3275,234,103.933403
3275,235,104.086143
3275,236,104.58725
3275,237,104.874496
3275,238,104.886398
3275,239,104.744003
3275,240,104.855003
3275,241,104.217667
3275,242,104.293503
3275,243,106.025284
3275,244,106.790428
3275,245,107.173798
3275,246,107.428879
3275,247,107.570854
3275,248,107.747665
3275,249,107.993713
3275,250,108.199112
3275,251,108.484337
3275,252,108.779999
3275,253,109.087334
3275,254,109.133568
3275,255,109.357498
3275,256,109.439499
3275,257,109.503502
3275,258,109.650002
3275,259,109.721771
3275,260,109.986
3275,1491,61.9070015
3276,229,101.935753
3276,230,103.001335
3276,231,103.821854
3276,232,103.962143
3276,233,103.895798
3276,234,104.120872
3276,235,104.388
3276,236,104.850754
3276,237,105.405998
3276,238,105.373001
3276,239,105.11483
3276,240,105.124428
3276,241,104.488602
3276,242,104.485001
3276,243,105.936996
3276,244,107.200569
3276,245,107.443001
3276,246,107.727501
3276,247,107.821999
3276,248,108.071602
3276,249,108.238998
3276,250,108.363998
3276,251,108.742859
3276,252,108.970665
3276,253,109.180603
3276,254,109.35817
3276,255,109.508003
3276,256,109.767166
3276,257,109.760002
3276,258,109.825203
3276,259,109.906998
3276,260,110.1474
3276,261,110.330002
3276,1088,0
3276,1491,63.3829994
3277,230,103.866142
3277,231,104.321999
3277,232,104.400169
3277,233,104.093002
3277,234,104.189125
3277,235,104.572197
3277,236,104.756752
3277,237,105.902
3277,238,105.992332
3277,239,105.719498
3277,240,105.544403
3277,241,104.893997
3277,242,104.885429
3277,243,105.369331
3277,244,107.612198
3277,245,107.85675
3277,246,107.9786
3277,247,108.006248
3277,248,108.291664
3277,249,108.568748
3277,250,108.707603
3277,251,108.819
3277,252,109.1978
3277,253,109.421204
3277,254,109.575836
3277,255,109.713669
3277,256,109.870003
3277,257,110.026001
3277,258,110.096199
3277,259,110.151382
3277,260,110.305
3277,261,110.347198
3277,262,110.804398
3278,230,104.613335
3278,231,105.000999
3278,232,105.144997
3278,233,104.461334
3278,234,104.454201
3278,235,104.662247
3278,236,104.97467
3278,237,106.111
3278,238,106.384003
3278,239,106.379333
3278,240,106.072502
3278,241,105.878998
3278,242,105.487
3278,243,105.561401
3278,244,107.833397
3278,245,108.089203
3278,246,108.320198
3278,247,108.353859
3278,248,108.584999
3278,249,108.7584
3278,250,108.931999
3278,251,109.097252
3278,252,109.458603
3278,253,109.661163
3278,254,109.883598
3278,255,109.975998
3278,256,110.10733
3278,257,110.261398
3278,258,110.348335
3278,259,110.395821
3278,260,110.431
3278,261,110.548874
3278,262,111.107597
3279,231,105.535835
3279,232,105.794502
3279,233,104.841797
3279,234,104.671249
3279,235,104.773247
3279,236,105.151146
3279,237,105.749428
3279,238,106.956001
3279,239,107.065399
3279,240,106.727203
3279,241,106.65033
3279,242,106.278
3279,243,106.164124
3279,244,107.375
3279,245,108.415001
3279,246,108.546333
3279,247,108.667
3279,248,108.805
3279,249,109.040199
3279,250,109.309753
3279,251,109.517998
3279,252,109.746246
3279,253,109.917999
3279,254,110.123001
3279,255,110.194168
3279,256,110.381668
3279,257,110.501801
3279,258,110.569801
3279,259,110.614998
3279,260,110.746284
3279,261,110.70211
3279,262,111.318832
3279,263,111.581398
3279,264,111.818253
3280,232,106.305603
3280,233,105.794716
3280,234,104.991798
3280,235,105.002998
3280,236,105.298164
3280,237,105.5298
3280,238,107.021858
3280,239,107.555428
3280,240,107.363853
3280,241,107.226799
3280,242,107.291252
3280,243,106.920197
3280,244,107.315498
3280,245,108.60717
3280,246,108.845001
3280,247,108.944
3280,248,109.137199
3280,249,109.283997
3280,250,109.628998
3280,251,109.900002
3280,252,110.017998
3280,253,110.209717
3280,254,110.352333
3280,255,110.449669
3280,256,110.527
3280,257,110.723
3280,258,110.832169
3280,259,110.901497
3280,260,110.897545
3280,261,111.001701
3280,262,111.637001
3280,263,111.756332
3280,264,111.947716
3281,233,106.617401
3281,234,105.244751
3281,235,105.238998
3281,236,105.465332
3281,237,105.728836
3281,238,106.583801
3281,239,107.9505
3281,240,108.108833
3281,241,107.901169
3281,242,107.941002
3281,243,107.875748
3281,244,107.866249
3281,245,109.094398
3281,246,109.178001
3281,247,109.269798
3281,248,109.481331
3281,249,109.707802
3281,250,109.891502
3281,251,110.1175
3281,252,110.337669
3281,253,110.445747
3281,254,110.526665
3281,255,110.704666
3281,256,110.829498
3281,257,111.013
3281,258,111.102333
3281,259,111.10733
3281,260,111.278748
3281,261,111.253876
3281,262,111.765747
3281,263,112.05114
3281,264,112.231003
3281,2593,0
3282,233,107.509499
3282,234,105.986504
3282,235,105.432144
3282,236,105.546249
3282,237,105.884003
3282,238,106.227997
3282,239,108.063332
3282,240,108.684502
3282,241,108.508835
3282,242,108.630402
3282,243,108.730667
3282,244,108.621246
3282,245,109.368202
3282,246,109.571663
3282,247,109.547501
3282,248,109.754997
3282,249,109.992332
3282,250,110.163399
3282,251,110.414001
3282,252,110.469749
3282,253,110.733002
3282,254,110.792336
3282,255,110.997856
3282,256,111.150665
3282,257,111.301247
3282,258,111.416496
3282,259,111.442459
3282,260,111.513336
3282,261,111.442337
3282,262,112.047501
3282,263,112.431999
3282,264,112.573502
3283,234,106.993248
3283,235,105.813004
3283,236,105.818398
3283,237,106.078499
3283,238,106.318001
3283,239,107.545166
3283,240,108.990288
3283,241,109.045876
3283,242,109.404602
3283,243,109.271004
3283,244,109.152802
3283,245,109.783249
3283,246,109.765167
3283,247,109.808502
3283,248,110.057663
3283,249,110.1735
3283,250,110.325996
3283,251,110.54567
3283,252,110.753998
3283,253,110.909203
3283,254,111.112999
3283,255,111.285004
3283,256,111.486504
3283,257,111.540337
3283,258,111.651001
3283,259,111.659462
3283,260,111.746597
3283,261,111.612122
3283,262,112.2556
3283,263,112.574333
3283,264,112.947998
3283,2590,0
3284,235,106.307999
3284,236,106.023804
3284,237,106.101143
3284,238,106.487
3284,239,107.022499
3284,240,109.029427
3284,241,109.540726
3284,242,109.545998
3284,243,109.686798
3284,244,109.611252
3284,245,109.905998
3284,246,109.736397
3284,247,110.139336
3284,248,110.297249
3284,249,110.42733
3284,250,110.5298
3284,251,110.748497
3284,252,110.919601
3284,253,111.0532
3284,254,111.353249
3284,255,111.553169
3284,256,111.737
3284,257,111.844002
3284,258,111.947746
3284,259,111.9095
3284,260,112.048431
3284,261,112.181335
3284,262,112.436752
3284,263,112.812569
3284,264,113.209999
3284,265,113.619003
3285,236,106.355202
3285,237,106.371002
3285,238,106.655403
3285,239,106.887253
3285,240,108.460197
3285,241,109.933273
3285,242,109.842285
3285,243,110.165398
3285,244,110.123001
3285,245,110.305
3285,246,110.329857
3285,247,110.337997
3285,248,110.11557
3285,249,110.503998
3285,250,110.686333
3285,251,110.941139
3285,252,111.105797
3285,253,111.248001
3285,254,111.536163
3285,255,111.835167
3285,256,112.105247
3285,257,112.198753
3285,258,112.170555
3285,259,112.234093
3285,260,112.514
3285,261,112.649574
3285,262,112.820503
3285,263,113.12767
3285,264,113.474426
3285,265,113.912003
3286,237,106.593498
3286,238,106.7966
3286,239,107.068832
3286,240,107.92067
3286,241,109.902802
3286,242,110.335503
3286,243,110.513496
3286,244,110.445663
3286,245,110.699799
3286,246,110.748001
3286,247,110.659599
3286,248,110.818001
3286,249,111.008835
3286,250,111.064003
3286,251,111.186333
3286,252,111.485001
3286,253,111.623665
3286,254,111.804832
3286,255,112.106003
3286,256,112.303337
3286,257,112.457664
3286,258,112.415199
3286,259,112.473381
3286,260,112.698349
3286,261,113.1436
3286,262,113.252335
3286,263,113.495003
3286,264,114.064796
3286,265,114.232666
3286,266,114.785797
3287,237,106.796402
3287,238,106.894142
3287,239,107.249802
3287,240,107.5215
3287,241,109.500832
3287,242,110.652878
3287,243,110.766502
3287,244,110.875
3287,245,110.9786
3287,246,111.167252
3287,247,111.313835
3287,248,111.583
3287,249,111.441498
3287,250,111.396004
3287,251,111.540001
3287,252,111.757668
3287,253,111.948402
3287,254,112.033569
3287,255,112.400497
3287,256,112.589249
3287,257,112.755165
3287,258,112.737251
3287,259,112.820236
3287,260,112.792542
3287,261,113.355003
3287,262,113.686127
3287,263,113.842163
3287,264,114.302498
3287,265,114.689835
3287,266,115.155998
3287,267,115.669403
3288,238,107.175201
3288,239,107.415398
3288,240,107.643425
3288,241,108.989998
3288,242,110.898872
3288,243,111.115334
3288,244,111.269997
3288,245,111.481125
3288,246,111.764
3288,247,112.071335
3288,248,112.123665
3288,249,111.960831
3288,250,111.676003
3288,251,111.838753
3288,252,111.9049
3288,253,112.149498
3288,254,112.340668
3288,255,112.682556
3288,256,112.919502
3288,257,113.095596
3288,258,113.070831
3288,259,113.149475
3288,260,113.324165
3288,261,113.654503
3288,262,113.958717
3288,263,114.572746
3288,264,114.642334
3288,265,115.091751
3288,266,115.584122
3288,267,116.142197
3289,239,107.592888
3289,240,107.838699
3289,241,108.695099
3289,242,110.599998
3289,243,111.4095
3289,244,111.597336
3289,245,111.925377
3289,246,112.359833
3289,247,112.4972
3289,248,112.605499
3289,249,112.572372
3289,250,111.917503
3289,251,112.0728
3289,252,112.153603
3289,253,112.347504
3289,254,112.540001
3289,255,112.954124
3289,256,113.181999
3289,257,113.307556
3289,258,113.317802
3289,259,113.419724
3289,260,113.719498
3289,261,113.962799
3289,262,114.317429
3289,263,114.69767
3289,264,115.056
3289,265,115.564667
3289,266,116.012497
3289,267,116.601425
3289,268,117.068001
3289,1077,0
3290,240,108.014122
3290,241,108.389091
3290,242,110.256554
3290,243,111.664124
3290,244,111.898201
3290,245,112.233002
3290,246,112.598999
3290,247,112.874496
3290,248,112.8386
3290,249,112.815804
3290,250,112.0895
3290,251,112.286285
3290,252,112.426598
3290,253,112.619667
3290,254,112.7108
3290,255,112.990402
3290,256,113.389748
3290,257,113.50486
3290,258,113.602997
3290,259,113.814751
3290,260,114.115669
3290,261,114.336998
3290,262,114.67025
3290,263,115.014
3290,264,115.46833
3290,265,115.982803
3290,266,116.473747
3290,267,117.009003
3290,268,117.500832
3291,241,108.422539
3291,242,109.789001
3291,243,111.758751
3291,244,112.045166
3291,245,112.427597
3291,246,112.785004
3291,247,112.961197
3291,248,113.028999
3291,249,112.972
3291,250,112.458603
3291,251,112.518997
3291,252,112.709251
3291,253,112.777496
3291,254,112.936333
3291,255,113.238197
3291,256,113.559502
3291,257,113.662598
3291,258,113.829872
3291,259,113.836815
3291,260,114.447998
3291,261,114.569832
3291,262,114.888
3291,263,115.239998
3291,264,115.879997
3291,265,116.387253
3291,266,116.880669
3291,267,117.413498
3291,268,117.881752
3291,269,118.397499
3292,242,109.474113
3292,243,111.428253
3292,244,112.228668
3292,245,112.525429
3292,246,112.934998
3292,247,112.980499
3292,248,113.122856
3292,249,113.133797
3292,250,112.585403
3292,251,112.595001
3292,252,112.856163
3292,253,113.001335
3292,254,113.15567
3292,255,113.470833
3292,256,113.805
3292,257,113.858253
3292,258,114.030998
3292,259,114.342308
3292,260,114.542336
3292,261,114.9105
3292,262,115.228401
3292,263,115.595833
3292,264,116.063789
3292,265,116.622665
3292,266,117.256332
3292,267,117.735802
3292,268,118.225334
3292,269,118.688835
3292,270,119.446999
3292,2575,0
3293,242,109.185623
3293,243,111.031334
3293,244,112.426201
3293,245,112.639
3293,246,112.959503
3293,247,113.129501
3293,248,113.197998
3293,249,113.366249
3293,250,112.959
3293,251,112.688667
3293,252,113.069
3293,253,113.155334
3293,254,113.326668
3293,255,113.603798
3293,256,113.921249
3293,257,114.083168
3293,258,114.251801
3293,259,114.625786
3293,260,114.812874
3293,261,115.195
3293,262,115.521141
3293,263,116.001198
3293,264,116.422501
3293,265,116.988503
3293,266,117.590202
3293,267,118.031998
3293,268,118.517334
3293,269,118.932999
3293,270,119.477501
3294,243,110.683167
3294,244,112.605499
3294,245,112.800201
3294,246,112.965599
3294,247,113.233002
3294,248,113.396667
3294,249,113.547676
3294,250,113.226997
3294,251,112.893997
3294,252,113.144287
3294,253,113.327332
3294,254,113.469498
3294,255,113.819
3294,256,114.082253
3294,257,114.28083
3294,258,114.517403
3294,259,114.926003
3294,260,115.038696
3294,261,115.411819
3294,262,115.880249
3294,263,116.30275
3294,264,116.780998
3294,265,117.281166
3294,266,117.946686
3294,267,118.396004
3294,268,118.930664
3294,269,119.080399
3294,270,119.452003
3294,271,120.191002
3295,244,112.311714
3295,245,112.974747
3295,246,113.113998
3295,247,113.39325
3295,248,113.567749
3295,249,113.611252
3295,250,113.337601
3295,251,113.051201
3295,252,113.307663
3295,253,113.42775
3295,254,113.665916
3295,255,113.893333
3295,256,114.279747
3295,257,114.55883
3295,258,114.664001
3295,259,115.036751
3295,260,115.261597
3295,261,115.586426
3295,262,116.089249
3295,263,116.633667
3295,264,117.101997
3295,265,117.442001
3295,266,117.939667
3295,267,118.396004
3295,268,119.05983
3295,269,119.511002
3295,270,119.849602
3295,271,120.271004
3296,245,113.162003
3296,246,113.298599
3296,247,113.5168
3296,248,113.634598
3296,249,113.618729
3296,250,113.196999
3296,251,113.210251
3296,252,113.281166
3296,253,113.524498
3296,254,113.681335
3296,255,114.058998
3296,256,114.550247
3296,257,114.789597
3296,258,114.885246
3296,259,115.223503
3296,260,115.558998
3296,261,115.841003
3296,262,116.212997
3296,263,116.584747
3296,264,117.651001
3296,265,117.765503
3296,266,118.459625
3296,267,118.688202
3296,268,119.182556
3296,269,119.5485
3296,270,119.817253
3296,271,120.056999
3296,272,120.364998
3297,246,113.52475
3297,247,113.632751
3297,248,113.713997
3297,249,113.65567
3297,250,113.280502
3297,251,113.435997
3297,252,113.538254
3297,253,113.733002
3297,254,113.84433
3297,255,114.292297
3297,256,114.860748
3297,257,115.010002
3297,258,115.077003
3297,259,115.226501
3297,260,115.690666
3297,261,116.290001
3297,262,116.496666
3297,263,116.973
3297,264,117.470749
3297,265,117.829002
3297,266,118.418335
3297,267,118.638336
3297,268,119.121201
3297,269,119.430573
3297,270,119.811798
3297,271,120.045502
3297,272,120.297997
3297,273,120.487503
3298,247,113.754204
3298,248,113.347252
3298,249,113.334
3298,250,113.495499
3298,251,113.655502
3298,252,113.814003
3298,253,113.818604
3298,254,113.78717
3298,255,114.133667
3298,256,114.583397
3298,257,115.496002
3298,258,115.575165
3298,259,115.616997
3298,260,115.889114
3298,261,116.165802
3298,262,116.654999
3298,263,117.016602
3298,264,117.497665
3298,265,118.039001
3298,266,118.4645
3298,267,118.819
3298,268,119.062798
3298,269,119.331749
3298,270,119.562401
3298,271,119.810501
3298,272,120.054169
3298,273,120.242332
3299,248,113.301003
3299,249,113.314247
3299,250,113.662498
3299,251,113.511002
3299,252,113.703499
3299,253,114.541397
3299,254,114.248001
3299,255,114.414001
3299,256,115.102669
3299,257,115.828667
3299,258,116.041496
3299,259,115.622887
3299,260,115.850998
3299,261,116.292664
3299,262,116.710602
3299,263,117.221123
3299,264,117.718803
3299,265,118.092003
3299,266,118.298668
3299,267,118.689499
3299,268,119.015999
3299,269,119.2714
3299,270,119.406403
3299,271,119.561401
3299,272,119.728127
3299,273,119.872429
3299,274,120.015503
3300,249,113.669998
3300,250,113.667999
3300,251,113.896004
3300,252,114.124496
3300,253,114.197372
3300,254,114.410248
3300,255,114.733002
3300,256,115.526169
3300,257,116.154289
3300,258,116.387497
3300,259,116.271004
3300,260,116.027199
3300,261,116.2509
3300,262,116.631165
3300,263,117.075569
3300,264,117.525665
3300,265,117.865402
3300,266,118.253403
3300,267,118.615601
3300,268,118.879997
3300,269,119.109169
3300,270,119.248283
3300,271,119.391426
3300,272,119.516129
3300,273,119.534164
3300,274,119.736603
3300,275,119.969833
3301,250,113.717163
3301,251,113.769997
3301,252,114.093246
3301,253,114.166397
3301,254,114.567001
3301,255,115.123833
3301,256,115.690598
3301,257,116.345856
3301,258,116.562202
3301,259,116.571144
3301,260,116.339363
3301,261,116.193336
3301,262,116.67675
3301,263,117.168503
3301,264,117.652496
3301,265,118.021111
3301,266,118.388603
3301,267,118.688004
3301,268,118.898598
3301,269,119.036713
3301,270,119.268837
3301,271,119.466331
3301,272,119.478836
3301,273,119.542664
3301,274,119.564796
3301,275,119.781502
3302,251,114.160713
3302,252,114.398598
3302,253,114.700165
3302,254,115.0345
3302,255,115.45575
3302,256,115.821404
3302,257,116.239998
3302,258,116.570625
3302,259,116.647285
3302,260,116.579399
3302,261,116.335167
3302,262,116.764778
3302,263,117.237663
3302,264,117.724998
3302,265,118.223999
3302,266,118.587334
3302,267,118.864334
3302,268,118.902878
3302,269,119.057602
3302,270,119.320335
3302,271,119.436668
3302,272,119.560997
3302,273,119.547142
3302,274,119.629333
3302,275,119.744141
3302,276,119.831749
3302,1493,70.1269989
3302,2555,0
3303,252,115.005997
3303,253,115.297287
3303,254,115.582558
3303,255,115.899376
3303,256,116.331001
3303,257,116.366875
3303,258,116.598557
3303,259,116.804184
3303,260,116.691452
3303,261,116.419998
3303,262,116.8283
3303,263,117.261375
3303,264,117.713753
3303,265,118.212372
3303,266,118.726997
3303,267,118.930122
3303,268,118.889557
3303,269,119.096542
3303,270,119.316254
3303,271,119.324997
3303,272,119.421997
3303,273,119.434402
3303,274,119.495888
3303,275,119.572502
3303,276,119.685333
3303,2553,0
3304,253,115.742798
3304,254,115.996361
3304,255,116.228455
3304,256,116.454445
3304,257,116.524414
3304,258,116.587921
3304,259,116.804802
3304,260,116.734665
3304,261,116.536156
3304,262,116.851418
3304,263,117.320198
3304,264,117.799103
3304,265,118.230247
3304,266,118.537003
3304,267,118.676102
3304,268,118.81675
3304,269,119.028847
3304,270,119.125893
3304,271,119.170998
3304,272,119.18689
3304,273,119.253777
3304,274,119.273376
3304,275,119.416443
3304,276,119.39267
3304,277,119.470253
3304,1064,0
3305,254,116.174202
3305,255,116.4972
3305,256,116.527397
3305,257,116.522163
3305,258,116.4832
3305,259,116.579842
3305,260,116.731003
3305,261,116.769798
3305,262,116.759857
3305,263,116.990997
3305,264,117.599998
3305,265,118.08683
3305,266,118.356201
3305,267,118.372002
3305,268,118.713501
3305,269,118.849426
3305,270,118.975426
3305,271,118.950752
3305,272,118.886574
3305,273,118.972557
3305,274,118.987198
3305,275,119.018425
3305,276,119.049568
3305,277,119.066399
3305,278,119.067001
3305,279,119.046165
3305,280,118.997398
3305,281,118.957336
3305,282,118.90567
3305,283,118.917999
3305,284,118.935959
3306,255,116.502167
3306,256,116.501503
3306,257,116.503754
3306,258,116.344666
3306,259,116.462265
3306,260,116.641701
3306,261,116.712997
3306,262,116.445
3306,263,116.664856
3306,264,117.155716
3306,265,117.788666
3306,266,118.223801
3306,267,118.413498
3306,268,118.460747
3306,269,118.591331
3306,270,118.700668
3306,271,118.63633
3306,272,118.677803
3306,273,118.623001
3306,274,118.698715
3306,275,118.637497
3306,276,118.592247
3306,277,118.561874
3306,278,118.586426
3306,279,118.601196
3306,280,118.539001
3306,281,118.344749
3306,282,118.460999
3306,283,118.541
3306,284,118.554665
3307,256,116.3452
3307,257,116.263
3307,258,116.18425
3307,259,116.239441
3307,260,116.329353
3307,261,116.3992
3307,262,116.16925
3307,263,116.118668
3307,264,116.528999
3307,265,117.494164
3307,266,117.908669
3307,267,118.136253
3307,268,118.120003
3307,269,118.270432
3307,270,118.402496
3307,271,118.3675
3307,272,118.293999
3307,273,118.278282
3307,274,118.296753
3307,275,118.254204
3307,276,118.120163
3307,277,118.0812
3307,278,118.121201
3307,279,117.898003
3307,280,117.943001
3307,281,117.949997
3307,282,117.952667
3307,283,117.955002
3307,284,118.120499
3308,257,116.056
3308,258,115.954498
3308,259,116.023727
3308,260,116.092873
3308,261,116.039497
3308,262,115.668999
3308,263,115.431198
3308,264,115.615501
3308,265,116.605202
3308,266,117.597748
3308,267,117.749496
3308,268,117.843002
3308,269,117.710999
3308,270,118.010857
3308,271,117.986801
3308,272,117.975403
3308,273,117.952286
3308,274,117.892754
3308,275,117.847397
3308,276,117.691002
3308,277,117.727249
3308,278,117.539001
3308,279,117.406799
3308,280,117.389198
3308,281,117.564003
3308,282,117.696999
3308,283,117.690498
3308,284,117.960335
3308,1494,71.1134109
3309,258,115.760834
3309,259,115.865601
3309,260,115.986443
3309,261,115.993401
3309,262,115.223289
3309,263,115.014717
3309,264,114.697601
3309,265,115.751999
3309,266,116.837997
3309,267,117.391426
3309,268,117.551331
3309,269,117.491859
3309,270,117.592377
3309,271,117.627335
3309,272,117.580002
3309,273,117.559502
3309,274,117.440399
3309,275,117.372147
3309,276,117.364861
3309,277,117.225876
3309,278,117.182198
3309,279,117.015999
3309,280,117.108253
3309,281,117.200333
3309,282,117.431335
3309,283,117.339333
3309,284,118.598
3310,259,115.911797
3310,260,115.954002
3310,261,115.982224
3310,262,115.018333
3310,263,114.522163
3310,264,114.470253
3310,265,114.688835
3310,266,115.727669
3310,267,116.449501
3310,268,117.013
3310,269,117.291855
3310,270,117.073875
3310,271,117.233574
3310,272,117.139503
3310,273,117.083374
3310,274,117.013336
3310,275,116.98217
3310,276,116.862999
3310,277,116.935837
3310,278,116.975998
3310,279,116.937332
3310,280,117.103333
3310,281,116.931664
3310,282,117.038666
3310,283,116.971497
3310,1059,0
3311,261,115.872498
3311,262,115.050163
3311,263,114.427254
3311,264,114.408501
3311,265,114.375832
3311,266,114.561798
3311,267,115.109497
3311,268,116.184799
3311,269,116.880203
3311,270,116.827713
3311,271,116.688599
3311,272,116.732124
3311,273,116.65757
3311,274,116.648499
3311,275,116.545166
3311,276,116.555252
3311,277,116.688004
3311,278,116.769501
3311,279,116.805496
3311,280,116.835197
3311,281,116.863998
3311,282,116.880997
3312,262,114.746284
3312,263,114.393997
3312,264,114.443443
3312,265,114.476501
3312,266,114.46183
3312,267,114.501663
3312,268,115.142426
3312,269,116.307854
3312,270,116.444
3312,271,116.265999
3312,272,116.323669
3312,273,116.401253
3312,274,116.142998
3312,275,116.254997
3312,276,116.288002
3312,277,116.477997
3312,278,116.599144
3312,279,116.597664
3312,280,116.629501
3312,281,116.472
3312,282,116.429604
3312,287,111.994461
3312,303,112.621498
3312,305,112.245003
3312,306,112.022003
3312,2539,0
3313,263,114.422569
3313,264,114.509804
3313,265,114.572998
3313,266,114.5485
3313,267,114.474503
3313,268,114.604568
3313,269,115.784378
3313,270,116.130569
3313,271,115.861801
3313,272,115.971001
3313,273,115.8172
3313,274,115.982002
3313,275,116.009201
3313,276,116.101501
3313,277,116.160599
3313,278,116.250854
3313,279,116.245003
3313,280,116.106003
3313,281,116.175301
3313,282,116.039253
3313,283,116.025002
3313,284,115.761749
3313,285,113.762001
3314,264,114.51857
3314,265,115.013603
3314,266,114.571999
3314,267,114.479836
3314,268,114.555496
3314,269,115.4478
3314,270,115.832001
3314,271,115.423859
3314,272,115.665146
3314,273,115.542999
3314,274,115.55043
3314,275,115.641502
3314,276,115.709335
3314,277,115.720337
3314,278,115.857246
3314,279,115.760002
3314,280,115.819
3314,281,115.758438
3314,282,115.543663
3314,283,114.973747
3314,284,113.066002
3315,265,114.529198
3315,266,114.521248
3315,267,114.458801
3315,268,114.615402
3315,269,115.249336
3315,270,115.538803
3315,271,115.251503
3315,272,115.412666
3315,273,115.140427
3315,274,115.163002
3315,275,115.305603
3315,276,115.376999
3315,277,115.442253
3315,278,115.455498
3315,279,115.525497
3315,280,115.397835
3315,281,115.352501
3315,282,114.255997
3315,283,112.4375
3315,284,111.683998
3315,285,111.767166
3315,286,111.714539
3316,267,114.463333
3316,268,114.643402
3316,269,115.028503
3316,270,115.192337
3316,271,115.204399
3316,272,115.063499
3316,273,115.04425
3316,274,114.998001
3316,275,115.09967
3316,276,115.200333
3316,277,115.393799
3316,278,115.268669
3316,279,115.047997
3316,280,115.101334
3316,281,113.632004
3316,282,111.611504
3316,283,111.770668
3316,284,111.716751
3316,285,111.647003
3316,286,113.177254
3316,287,113.692001
3316,1054,0
3317,268,114.596497
3317,269,114.738251
3317,270,114.963997
3317,271,114.872169
3317,272,114.881432
3317,273,114.846252
3317,274,114.955666
3317,275,115.008003
3317,276,115.075806
3317,277,114.947334
3317,278,114.806999
3317,279,114.807999
3317,280,113.0205
3317,281,111.836792
3317,282,111.939003
3317,283,111.836998
3317,284,112.533997
3317,285,113.6875
3317,286,113.28933
3317,287,113.073502
3317,288,112.815666
3318,269,114.679497
3318,270,114.686401
3318,271,114.883667
3318,272,114.693169
3318,273,114.804802
3318,274,114.916573
3318,275,114.803833
3318,276,114.679337
3318,277,114.530998
3318,278,114.320999
3318,279,112.491997
3318,280,111.920502
3318,281,111.978752
3318,282,111.907997
3318,283,113.247749
3318,284,113.536171
3318,285,112.82
3318,286,112.744713
3318,287,112.432503
3318,288,112.220497
3318,289,112.058502
3318,290,112.063004
3318,1496,73.2689972
3319,270,114.681503
3319,271,114.842499
3319,272,114.677002
3319,273,114.712624
3319,274,114.450996
3319,275,114.317429
3319,276,114.280609
3319,277,113.641571
3319,278,111.987999
3319,279,112.008331
3319,280,111.996666
3319,281,112.094833
3319,282,113.391998
3319,283,112.932999
3319,284,112.494499
3319,285,112.329002
3319,286,112.070625
3319,287,111.903999
3319,288,111.715668
3319,289,111.559998
3319,290,111.591003
3319,291,111.007332
3319,2530,0
3320,272,114.457001
3320,273,114.375504
3320,274,114.178497
3320,275,114.235001
3320,276,113.003502
3320,277,112.197334
3320,278,112.310799
3320,279,112.172997
3320,280,112.652
3320,281,113.126999
3320,282,112.643501
3320,283,112.348801
3320,284,112.022003
3320,285,111.833
3320,286,111.748497
3320,287,111.423111
3320,288,111.153
3320,289,110.997543
3320,290,110.694
3320,291,110.389336
3320,292,110.283333
3321,273,114.057251
3321,274,113.990997
3321,275,112.21067
3321,276,112.175003
3321,277,112.218002
3321,278,111.915718
3321,279,112.965752
3321,280,112.561668
3321,281,112.288002
3321,282,112.055
3321,283,111.78167
3321,284,111.531601
3321,285,111.271248
3321,286,111.047363
3321,287,110.992996
3321,288,110.6325
3321,289,110.377502
3321,290,110.176003
3321,291,109.856003
3321,292,109.619003
3321,293,109.613998
3321,294,109.556
3322,274,112.2575
3322,275,112.320602
3322,276,112.266251
3322,277,112.053497
3322,278,113.056335
3322,279,112.4104
3322,280,112.230751
3322,281,111.888
3322,282,111.778999
3322,283,111.332253
3322,284,111.133667
3322,285,110.812668
3322,286,110.464996
3322,287,110.157997
3322,288,110.093246
3322,289,109.912331
3322,290,109.672997
3322,291,109.310997
3322,292,109.210999
3322,293,109.069504
3322,294,108.896004
3322,295,108.705666
3322,1049,0
3323,276,112.439499
3323,277,112.473
3323,278,112.170403
3323,279,111.945999
3323,280,111.75325
3323,281,111.494751
3323,282,111.267998
3323,283,110.966003
3323,284,110.457001
3323,285,110.198799
3323,286,109.898537
3323,287,109.70533
3323,288,109.51767
3323,289,109.462502
3323,290,109.079247
3323,291,108.917503
3323,292,108.693253
3323,293,108.646004
3323,294,108.469498
3323,295,108.554001
3323,296,108.674004
3324,277,112.064667
3324,278,111.792999
3324,279,111.667336
3324,280,111.3386
3324,281,111.150665
3324,282,110.629753
3324,283,110.284248
3324,284,109.960197
3324,285,109.652855
3324,286,109.334335
3324,287,109.109833
3324,288,109.033997
3324,289,108.903503
3324,290,108.931999
3324,291,108.473198
3324,292,108.408997
3324,293,108.586998
3324,294,108.629333
3324,295,108.701202
3324,296,108.726997
3324,297,108.736252
3325,279,111.1745
3325,280,110.997253
3325,281,110.475502
3325,282,110.134003
3325,283,109.838501
3325,284,109.517998
3325,285,109.130997
3325,286,108.925667
3325,287,108.89875
3325,288,108.772499
3325,289,108.585999
3325,290,108.741997
3325,291,108.659401
3325,292,108.589249
3325,293,108.72467
3325,294,108.660332
3325,295,108.712997
3325,296,108.695
3325,297,108.699669
3325,298,108.084503
3326,280,110.370499
3326,281,109.960854
3326,282,109.6605
3326,283,109.368599
3326,284,108.985001
3326,285,108.898331
3326,286,109.013474
3326,287,108.998497
3326,288,108.761749
3326,289,108.614998
3326,290,108.58522
3326,291,108.730003
3326,292,108.581749
3326,293,108.655998
3326,294,108.591599
3326,295,108.706001
3326,296,107.876801
3326,297,107.503502
3326,298,107.122002
3326,299,106.532501
3326,300,106.294601
3326,2521,0
3327,281,109.554001
3327,282,109.177002
3327,283,109.017578
3327,284,108.925003
3327,285,109.023331
3327,286,109.011055
3327,287,108.711998
3327,288,108.668999
3327,289,108.750999
3327,290,108.694603
3327,291,108.680336
3327,292,108.654999
3327,293,108.481598
3327,294,107.893837
3327,295,107.386002
3327,296,106.819336
3327,297,106.3125
3327,298,105.918198
3327,299,105.441597
3327,300,105.01783
3327,301,104.911331
3328,283,108.799797
3328,284,108.682404
3328,285,108.868668
3328,286,108.996002
3328,287,108.754631
3328,288,108.762665
3328,289,108.7855
3328,290,108.616997
3328,291,108.722664
3328,292,108.463875
3328,293,107.585251
3328,294,106.982498
3328,295,106.499001
3328,296,105.877602
3328,297,105.220253
3328,298,104.940002
3328,299,104.833832
3328,300,104.802254
3328,301,104.8535
3328,302,104.8302
3329,285,108.712669
3329,286,108.763924
3329,287,108.755997
3329,288,108.815201
3329,289,108.815002
3329,290,108.738998
3329,291,108.429337
3329,292,107.473335
3329,293,106.629204
3329,294,106.07225
3329,295,105.400002
3329,296,104.965668
3329,297,104.819504
3329,298,104.786751
3329,299,104.84433
3329,300,104.775002
3329,301,104.824997
3329,302,104.844833
3329,303,104.832367
3329,304,104.800781
3330,286,108.730316
3330,287,108.734001
3330,288,108.771332
3330,289,108.708748
3330,290,108.550499
3330,291,107.400253
3330,292,106.569664
3330,293,105.782997
3330,294,105.158249
3330,295,105.01725
3330,296,104.856667
3330,297,104.806
3330,298,104.874001
3330,299,104.852501
3330,300,104.832336
3330,301,104.814499
3330,302,104.801331
3330,303,104.784386
3330,304,104.777519
3330,305,104.887276
3331,288,108.741997
3331,289,108.723198
3331,290,107.684998
3331,291,106.668335
3331,292,105.870003
3331,293,105.143997
3331,294,104.887001
3331,295,105.059998
3331,296,104.865669
3331,297,104.878502
3331,298,104.806999
3331,299,104.874664
3331,300,104.834793
3331,301,104.8405
3331,302,104.802696
3331,303,104.756622
3331,304,104.740059
3331,305,104.854767
3331,306,104.918854
3332,289,108.491333
3332,290,107.158333
3332,291,106.291
3332,292,105.480003
3332,293,105.102997
3332,294,104.884499
3332,295,104.859497
3332,296,104.894997
3332,297,104.810501
3332,298,104.839828
3332,299,104.763336
3332,300,104.825378
3332,301,104.850998
3332,302,104.772774
3332,303,104.738174
3332,304,104.735199
3332,305,104.799408
3332,306,104.854912
3333,291,105.972504
3333,292,105.331001
3333,293,104.900497
3333,294,104.983002
3333,295,104.787003
3333,296,104.783997
3333,297,104.856667
3333,298,104.831497
3333,299,104.886124
3333,300,104.84433
3333,301,104.851997
3333,302,104.821243
3333,303,104.81263
3333,304,104.778664
3333,305,104.838501
3333,306,104.849182
3333,307,104.874649
3333,308,104.854736
3333,2512,0
3334,293,105.002182
3334,294,104.974251
3334,295,104.856499
3334,296,104.966835
3334,297,104.832001
3334,298,104.950226
3334,299,104.834503
3334,300,104.840202
3334,301,104.795731
3334,302,104.831825
3334,303,104.841064
3334,304,104.780212
3334,305,104.847343
3334,306,104.820229
3334,307,104.847649
3334,308,104.866928
3335,295,104.990288
3335,296,104.950333
3335,297,104.915497
3335,298,104.985497
3335,299,104.984001
3335,300,104.884666
3335,301,104.893997
3335,302,104.839996
3335,303,104.870003
3335,304,104.801086
3335,305,104.886429
3335,306,104.84433
3335,307,104.822098
3335,308,104.853981
3336,297,105.0634
3336,298,105.040276
3336,299,104.879448
3336,300,104.888336
3336,301,104.852875
3336,302,104.977402
3336,303,104.902817
3336,304,104.800674
3336,305,104.715141
3336,306,104.720001
3336,307,104.802254
3336,308,104.786125
3336,309,104.838692
3337,298,105.026604
3337,299,105.085503
3337,300,105.115402
3337,301,105.102859
3337,302,105.154999
3337,303,105.092499
3337,304,105.020752
3337,305,105.095001
3337,306,104.821503
3337,307,104.788002
3337,308,104.762802
3337,309,104.833
3338,300,105.369667
3338,301,105.496002
3338,302,105.597603
3338,303,105.585999
3338,304,105.591003
3338,305,105.177498
3338,306,104.940399
3338,307,104.847145
3338,308,104.825249
3338,309,104.840202
3339,302,106.752197
3339,303,106.7006
3339,304,106.390816
3339,305,106.251999
3339,306,105.779747
3339,307,105.1875
3339,308,104.865997
3339,309,104.792503
3339,310,104.966667
3340,304,107.615364
3340,305,107.353752
3340,306,106.741859
3340,307,106.226501
3340,308,105.342003
3340,309,104.889
3340,310,104.783997
3341,306,107.649597
3341,307,107.005371
3341,308,106.192596
3341,309,105.204666
3341,310,104.81443
3341,311,104.755997
3342,308,106.654289
3342,309,105.854401
3342,310,104.959251
3342,311,104.744003
3343,311,104.777199
3343,312,104.822502
3350,2490,0
3356,1020,0
3360,406,0
3360,411,0
3360,2477,0
3362,428,0
3363,635,0
3363,636,0
3364,445,0
3364,666,0
3365,696,0
3365,697,0
3365,1011,0
3365,1513,105.556335
3366,462,0
3366,591,0
3370,2464,0
3371,507,0
3372,517,0
3372,554,0
3372,720,0
3377,732,0
3377,997,0
3380,993,0
3380,2451,0
3382,1522,100.308998
3385,986,0
3386,754,0
3390,978,0
3390,2438,0
3393,973,0
3399,786,0
3402,955,0
3403,2427,0
3409,812,0
3412,927,0
3413,923,0
3418,855,0
3418,894,0
3419,872,0
3419,873,0
3419,876,0
3454,2434,0
3455,2434,0
3456,2434,0
3457,2434,0
3475,2433,0
3495,1567,97.8450012
3504,2428,0
3508,2427,0
3518,2424,0
3521,2423,0
3529,2420,0
3536,2417,0
3556,2407,0
3560,2405,0
3566,1636,0
3569,2401,0
3576,2398,0
3577,1654,0
3581,2396,0
3583,1666,0
3586,2394,0
3598,1706,0
3606,1804,0
3607,2385,0
3613,2382,0
3615,2381,0
3628,1864,0
3630,1940,0
3631,1934,0
3632,1890,0
3648,2359,0
3654,2354,0
3655,1979,0
3655,2353,0
3670,2338,0
3671,2337,0
3676,2331,0
3685,2060,0
3686,2069,0
3691,2097,0
3691,2310,0
3700,2294,0
3701,2292,0
3706,2281,0
3709,2273,0
3713,2261,0
3715,2155,0
3718,2169,0
3718,2240,0
3719,2175,0
3720,2183,0
3720,2226,0
3721,2196,0
3721,2197,0
3721,2212,0
